id,name,model_id:id,group_id:id,perm_read,perm_write,perm_create,perm_unlink
access_op_attendance_register_faculty,op_attendance_register_faculty,model_op_attendance_register,gssc_attendance.group_op_attendance_user,1,0,0,0
access_op_attendance_sheet_faculty,op_attendance_sheet_faculty,model_op_attendance_sheet,gssc_attendance.group_op_attendance_user,1,1,1,1
access_op_attendance_line_faculty,op_attendance_line_faculty,model_op_attendance_line,gssc_attendance.group_op_attendance_user,1,1,1,1
access_op_attendance_line_student,op_attendance_line_student,model_op_attendance_line,gssc_attendance.group_op_attendance_manager,1,1,1,1
access_op_attendance_register_student,op_attendance_register_student,model_op_attendance_register,gssc_attendance.group_op_attendance_manager,1,1,1,1
access_op_attendance_sheet_student,op_attendance_sheet_student,model_op_attendance_sheet,gssc_attendance.group_op_attendance_manager,1,1,1,1
access_op_attendance_type_faculty,access_op_attendance_type_faculty,model_op_attendance_type,gssc_attendance.group_op_attendance_user,1,0,0,0
access_op_attendance_type_manager,access_op_attendance_type_back_office,model_op_attendance_type,gssc_attendance.group_op_attendance_manager,1,1,1,1
access_student_attendance,name_student_attendance,model_student_attendance,gssc_attendance.group_op_attendance_manager,1,1,1,1
